long,lat,order,group,size,type,region
-17.363681,54.114028,1,Atlantic_North_1,5,Atlantic,North Atlantic
-7.691626,59.587484,2,Atlantic_North_1,5,Atlantic,North Atlantic
-5.585203,60.425567,3,Atlantic_North_1,5,Atlantic,North Atlantic
-3.523394,61.266563,4,Atlantic_North_1,5,Atlantic,North Atlantic
-1.98379,61.824772,5,Atlantic_North_1,5,Atlantic,North Atlantic
2.244252,62.948965,6,Atlantic_North_1,5,Atlantic,North Atlantic
4.206597,64.218501,7,Atlantic_North_1,5,Atlantic,North Atlantic
5.143704,65.68715,8,Atlantic_North_1,5,Atlantic,North Atlantic
6.448918,66.735675,9,Atlantic_North_1,5,Atlantic,North Atlantic
9.080173,67.531212,10,Atlantic_North_1,5,Atlantic,North Atlantic
10.656624,68.290493,11,Atlantic_North_1,5,Atlantic,North Atlantic
13.568487,69.0101,12,Atlantic_North_1,5,Atlantic,North Atlantic
14.39669,69.191985,13,Atlantic_North_1,5,Atlantic,North Atlantic
15.816226,69.596842,14,Atlantic_North_1,5,Atlantic,North Atlantic
16.608351,69.899962,15,Atlantic_North_1,5,Atlantic,North Atlantic
16.938482,70.068405,16,Atlantic_North_1,5,Atlantic,North Atlantic
17.17421,70.345741,17,Atlantic_North_1,5,Atlantic,North Atlantic
17.19035,70.634642,18,Atlantic_North_1,5,Atlantic,North Atlantic
17.188803,70.720695,19,Atlantic_North_1,5,Atlantic,North Atlantic
17.186855,70.828372,20,Atlantic_North_1,5,Atlantic,North Atlantic
17.17366,70.876029,21,Atlantic_North_1,5,Atlantic,North Atlantic
17.138584,70.935701,22,Atlantic_North_1,5,Atlantic,North Atlantic
17.079981,70.985564,23,Atlantic_North_1,5,Atlantic,North Atlantic
17.016019,71.069358,24,Atlantic_North_1,5,Atlantic,North Atlantic
16.918844,71.148871,25,Atlantic_North_1,5,Atlantic,North Atlantic
16.713764,71.332557,26,Atlantic_North_1,5,Atlantic,North Atlantic
16.534048,71.504373,27,Atlantic_North_1,5,Atlantic,North Atlantic
16.417136,71.605429,28,Atlantic_North_1,5,Atlantic,North Atlantic
16.263411,71.679584,29,Atlantic_North_1,5,Atlantic,North Atlantic
7.905903,79.661673,1,Atlantic_North_2,3,Atlantic,North Atlantic
7.928661,79.698017,2,Atlantic_North_2,3,Atlantic,North Atlantic
8.083332,79.803241,3,Atlantic_North_2,3,Atlantic,North Atlantic
8.194619,79.903192,4,Atlantic_North_2,3,Atlantic,North Atlantic
8.39662,79.986068,5,Atlantic_North_2,3,Atlantic,North Atlantic
8.730469,80.059842,6,Atlantic_North_2,3,Atlantic,North Atlantic
8.95201,80.108029,7,Atlantic_North_2,3,Atlantic,North Atlantic
9.391938,80.174702,8,Atlantic_North_2,3,Atlantic,North Atlantic
10.008254,80.260885,9,Atlantic_North_2,3,Atlantic,North Atlantic
10.958959,80.375531,10,Atlantic_North_2,3,Atlantic,North Atlantic
11.665299,80.454986,11,Atlantic_North_2,3,Atlantic,North Atlantic
12.351321,80.514843,12,Atlantic_North_2,3,Atlantic,North Atlantic
13.007832,80.573089,13,Atlantic_North_2,3,Atlantic,North Atlantic
13.773399,80.664771,14,Atlantic_North_2,3,Atlantic,North Atlantic
15.051461,80.693031,15,Atlantic_North_2,3,Atlantic,North Atlantic
16.124361,80.721735,16,Atlantic_North_2,3,Atlantic,North Atlantic
17.032677,80.869618,17,Atlantic_North_2,3,Atlantic,North Atlantic
17.628516,81.080055,18,Atlantic_North_2,3,Atlantic,North Atlantic
18.630691,81.200096,19,Atlantic_North_2,3,Atlantic,North Atlantic
19.656194,81.234674,20,Atlantic_North_2,3,Atlantic,North Atlantic
20.417229,81.247977,21,Atlantic_North_2,3,Atlantic,North Atlantic
21.082802,81.292713,22,Atlantic_North_2,3,Atlantic,North Atlantic
22.361746,81.3918,23,Atlantic_North_2,3,Atlantic,North Atlantic
23.414134,81.465743,24,Atlantic_North_2,3,Atlantic,North Atlantic
24.55882,81.468699,25,Atlantic_North_2,3,Atlantic,North Atlantic
25.652523,81.462722,26,Atlantic_North_2,3,Atlantic,North Atlantic
26.520797,81.447428,27,Atlantic_North_2,3,Atlantic,North Atlantic
27.28734,81.439803,28,Atlantic_North_2,3,Atlantic,North Atlantic
28.480785,81.495901,29,Atlantic_North_2,3,Atlantic,North Atlantic
29.910723,81.526,30,Atlantic_North_2,3,Atlantic,North Atlantic
31.723249,81.572633,31,Atlantic_North_2,3,Atlantic,North Atlantic
33.514359,81.611439,32,Atlantic_North_2,3,Atlantic,North Atlantic
34.110469,81.699159,33,Atlantic_North_2,3,Atlantic,North Atlantic
34.760923,81.780404,34,Atlantic_North_2,3,Atlantic,North Atlantic
35.557071,81.814672,35,Atlantic_North_2,3,Atlantic,North Atlantic
35.991315,81.867059,36,Atlantic_North_2,3,Atlantic,North Atlantic
37.465476,82.055155,37,Atlantic_North_2,3,Atlantic,North Atlantic
38.660069,82.077649,38,Atlantic_North_2,3,Atlantic,North Atlantic
39.605804,82.138282,39,Atlantic_North_2,3,Atlantic,North Atlantic
40.893329,82.155517,40,Atlantic_North_2,3,Atlantic,North Atlantic
41.764714,82.151788,41,Atlantic_North_2,3,Atlantic,North Atlantic
42.474508,82.198437,42,Atlantic_North_2,3,Atlantic,North Atlantic
43.307125,82.228082,43,Atlantic_North_2,3,Atlantic,North Atlantic
44.424713,82.319052,44,Atlantic_North_2,3,Atlantic,North Atlantic
46.194895,82.469776,45,Atlantic_North_2,3,Atlantic,North Atlantic
47.578478,82.59377,46,Atlantic_North_2,3,Atlantic,North Atlantic
49.240261,82.697999,47,Atlantic_North_2,3,Atlantic,North Atlantic
50.531374,82.739871,48,Atlantic_North_2,3,Atlantic,North Atlantic
56.31921,82.992346,49,Atlantic_North_2,3,Atlantic,North Atlantic
82.279025,82.514876,50,Atlantic_North_2,3,Atlantic,North Atlantic
97.007214,81.744745,51,Atlantic_North_2,3,Atlantic,North Atlantic
107.996037,80.233086,52,Atlantic_North_2,3,Atlantic,North Atlantic
113.684881,79.288505,53,Atlantic_North_2,3,Atlantic,North Atlantic
3.253605,80.756475,1,Atlantic_North_3,2,Atlantic,North Atlantic
2.86478,80.969189,2,Atlantic_North_3,2,Atlantic,North Atlantic
2.539592,81.154713,3,Atlantic_North_3,2,Atlantic,North Atlantic
2.322767,81.314701,4,Atlantic_North_3,2,Atlantic,North Atlantic
2.206961,81.408017,5,Atlantic_North_3,2,Atlantic,North Atlantic
2.151117,81.513306,6,Atlantic_North_3,2,Atlantic,North Atlantic
2.289426,81.579352,7,Atlantic_North_3,2,Atlantic,North Atlantic
2.578674,81.661559,8,Atlantic_North_3,2,Atlantic,North Atlantic
2.93337,81.763811,9,Atlantic_North_3,2,Atlantic,North Atlantic
3.398667,81.86868,10,Atlantic_North_3,2,Atlantic,North Atlantic
4.172539,81.988365,11,Atlantic_North_3,2,Atlantic,North Atlantic
5.507504,82.118072,12,Atlantic_North_3,2,Atlantic,North Atlantic
7.135857,82.271119,13,Atlantic_North_3,2,Atlantic,North Atlantic
9.694122,82.486446,14,Atlantic_North_3,2,Atlantic,North Atlantic
11.494634,82.583081,15,Atlantic_North_3,2,Atlantic,North Atlantic
13.136299,82.662893,16,Atlantic_North_3,2,Atlantic,North Atlantic
15.708149,82.708326,17,Atlantic_North_3,2,Atlantic,North Atlantic
17.479803,82.730911,18,Atlantic_North_3,2,Atlantic,North Atlantic
20.418588,82.702072,19,Atlantic_North_3,2,Atlantic,North Atlantic
22.626017,82.667669,20,Atlantic_North_3,2,Atlantic,North Atlantic
9.485869,78.091023,1,Atlantic_North_4,2,Atlantic,North Atlantic
9.538482,78.114304,2,Atlantic_North_4,2,Atlantic,North Atlantic
9.658471,78.135087,3,Atlantic_North_4,2,Atlantic,North Atlantic
9.833978,78.142194,4,Atlantic_North_4,2,Atlantic,North Atlantic
10.025553,78.146084,5,Atlantic_North_4,2,Atlantic,North Atlantic
10.302458,78.142306,6,Atlantic_North_4,2,Atlantic,North Atlantic
10.549194,78.130211,7,Atlantic_North_4,2,Atlantic,North Atlantic
10.825859,78.115631,8,Atlantic_North_4,2,Atlantic,North Atlantic
11.301921,78.100961,9,Atlantic_North_4,2,Atlantic,North Atlantic
11.650671,78.098773,10,Atlantic_North_4,2,Atlantic,North Atlantic
12.048263,78.100705,11,Atlantic_North_4,2,Atlantic,North Atlantic
12.45125,78.100799,12,Atlantic_North_4,2,Atlantic,North Atlantic
12.83205,78.110383,13,Atlantic_North_4,2,Atlantic,North Atlantic
13.269021,78.128968,14,Atlantic_North_4,2,Atlantic,North Atlantic
8.791126,78.781212,1,Atlantic_North_5,2,Atlantic,North Atlantic
8.977426,78.835229,2,Atlantic_North_5,2,Atlantic,North Atlantic
9.186849,78.895207,3,Atlantic_North_5,2,Atlantic,North Atlantic
9.517675,78.926619,4,Atlantic_North_5,2,Atlantic,North Atlantic
9.867085,78.941743,5,Atlantic_North_5,2,Atlantic,North Atlantic
10.299179,78.96314,6,Atlantic_North_5,2,Atlantic,North Atlantic
10.769688,78.986235,7,Atlantic_North_5,2,Atlantic,North Atlantic
11.885001,77.103536,1,Atlantic_North_6,2,Atlantic,North Atlantic
12.025979,77.219153,2,Atlantic_North_6,2,Atlantic,North Atlantic
12.217341,77.322463,3,Atlantic_North_6,2,Atlantic,North Atlantic
12.457225,77.41527,4,Atlantic_North_6,2,Atlantic,North Atlantic
12.754234,77.486724,5,Atlantic_North_6,2,Atlantic,North Atlantic
13.299194,77.554092,6,Atlantic_North_6,2,Atlantic,North Atlantic
13.95229,76.546907,1,Atlantic_North_7,2,Atlantic,North Atlantic
14.265702,76.636074,2,Atlantic_North_7,2,Atlantic,North Atlantic
14.568002,76.666431,3,Atlantic_North_7,2,Atlantic,North Atlantic
14.789391,76.712556,4,Atlantic_North_7,2,Atlantic,North Atlantic
15.006426,76.801636,5,Atlantic_North_7,2,Atlantic,North Atlantic
3.582467,80.758044,1,Atlantic_North_8,3,Atlantic,North Atlantic
3.730795,80.815419,2,Atlantic_North_8,3,Atlantic,North Atlantic
4.009488,80.888359,3,Atlantic_North_8,3,Atlantic,North Atlantic
4.601366,80.934998,4,Atlantic_North_8,3,Atlantic,North Atlantic
5.535491,80.908044,5,Atlantic_North_8,3,Atlantic,North Atlantic
7.148071,80.763737,6,Atlantic_North_8,3,Atlantic,North Atlantic
7.950991,80.632837,7,Atlantic_North_8,3,Atlantic,North Atlantic
9.249524,80.540777,8,Atlantic_North_8,3,Atlantic,North Atlantic
10.323875,80.496158,9,Atlantic_North_8,3,Atlantic,North Atlantic
6.65302,79.748836,1,Atlantic_North_9,3,Atlantic,North Atlantic
5.465648,79.832455,2,Atlantic_North_9,3,Atlantic,North Atlantic
4.180971,79.891607,3,Atlantic_North_9,3,Atlantic,North Atlantic
1.871102,79.818369,4,Atlantic_North_9,3,Atlantic,North Atlantic
0.022207,79.690049,5,Atlantic_North_9,3,Atlantic,North Atlantic
-1.473664,79.484174,6,Atlantic_North_9,3,Atlantic,North Atlantic
-2.88442,79.122851,7,Atlantic_North_9,3,Atlantic,North Atlantic
-3.362484,78.659633,8,Atlantic_North_9,3,Atlantic,North Atlantic
-3.395055,77.994325,9,Atlantic_North_9,3,Atlantic,North Atlantic
15.219615,80.676495,1,Atlantic_North_10,2,Atlantic,North Atlantic
15.638722,80.584087,2,Atlantic_North_10,2,Atlantic,North Atlantic
16.227669,80.387205,3,Atlantic_North_10,2,Atlantic,North Atlantic
17.266798,80.048589,4,Atlantic_North_10,2,Atlantic,North Atlantic
17.63879,79.945255,5,Atlantic_North_10,2,Atlantic,North Atlantic
9.945379,80.254541,1,Atlantic_North_11,1,Atlantic,North Atlantic
10.775433,80.260475,2,Atlantic_North_11,1,Atlantic,North Atlantic
11.551285,80.234168,3,Atlantic_North_11,1,Atlantic,North Atlantic
12.205191,80.199876,4,Atlantic_North_11,1,Atlantic,North Atlantic
12.931268,80.118835,5,Atlantic_North_11,1,Atlantic,North Atlantic
13.546835,80.030103,6,Atlantic_North_11,1,Atlantic,North Atlantic
19.30396,81.22297,1,Atlantic_North_12,1,Atlantic,North Atlantic
20.104374,81.141583,2,Atlantic_North_12,1,Atlantic,North Atlantic
20.788393,81.027754,3,Atlantic_North_12,1,Atlantic,North Atlantic
21.303518,80.903915,4,Atlantic_North_12,1,Atlantic,North Atlantic
21.724599,80.780775,5,Atlantic_North_12,1,Atlantic,North Atlantic
22.055078,80.693462,6,Atlantic_North_12,1,Atlantic,North Atlantic
22.191898,80.592354,7,Atlantic_North_12,1,Atlantic,North Atlantic
28.261417,81.483609,1,Atlantic_North_13,2,Atlantic,North Atlantic
28.715878,81.394158,2,Atlantic_North_13,2,Atlantic,North Atlantic
28.842763,81.316103,3,Atlantic_North_13,2,Atlantic,North Atlantic
28.89634,81.198166,4,Atlantic_North_13,2,Atlantic,North Atlantic
29.036611,81.051737,5,Atlantic_North_13,2,Atlantic,North Atlantic
29.092627,80.866269,6,Atlantic_North_13,2,Atlantic,North Atlantic
29.106878,80.675743,7,Atlantic_North_13,2,Atlantic,North Atlantic
38.80511,82.083902,1,Atlantic_North_14,2,Atlantic,North Atlantic
39.5394,81.96561,2,Atlantic_North_14,2,Atlantic,North Atlantic
40.20132,81.857463,3,Atlantic_North_14,2,Atlantic,North Atlantic
40.580308,81.689941,4,Atlantic_North_14,2,Atlantic,North Atlantic
40.788464,81.576672,5,Atlantic_North_14,2,Atlantic,North Atlantic
41.039723,81.419254,6,Atlantic_North_14,2,Atlantic,North Atlantic
41.278655,81.234191,7,Atlantic_North_14,2,Atlantic,North Atlantic
41.46648,80.971115,8,Atlantic_North_14,2,Atlantic,North Atlantic
41.522466,80.674595,9,Atlantic_North_14,2,Atlantic,North Atlantic
17.050711,71.087,1,Atlantic_North_15,3,Atlantic,North Atlantic
17.130666,71.564579,2,Atlantic_North_15,3,Atlantic,North Atlantic
17.308545,71.697209,3,Atlantic_North_15,3,Atlantic,North Atlantic
17.632883,71.790188,4,Atlantic_North_15,3,Atlantic,North Atlantic
18.364506,71.919819,5,Atlantic_North_15,3,Atlantic,North Atlantic
19.084099,71.946304,6,Atlantic_North_15,3,Atlantic,North Atlantic
19.756146,71.922336,7,Atlantic_North_15,3,Atlantic,North Atlantic
20.440605,71.849498,8,Atlantic_North_15,3,Atlantic,North Atlantic
20.978089,71.764296,9,Atlantic_North_15,3,Atlantic,North Atlantic
21.748601,71.675142,10,Atlantic_North_15,3,Atlantic,North Atlantic
22.400294,71.766709,11,Atlantic_North_15,3,Atlantic,North Atlantic
23.205128,71.872987,12,Atlantic_North_15,3,Atlantic,North Atlantic
24.103363,71.995096,13,Atlantic_North_15,3,Atlantic,North Atlantic
25.372977,72.012454,14,Atlantic_North_15,3,Atlantic,North Atlantic
15.599758,72.040022,1,Atlantic_North_16,3,Atlantic,North Atlantic
15.866369,72.393207,2,Atlantic_North_16,3,Atlantic,North Atlantic
16.213198,72.589046,3,Atlantic_North_16,3,Atlantic,North Atlantic
17.206962,72.862361,4,Atlantic_North_16,3,Atlantic,North Atlantic
18.252257,72.923129,5,Atlantic_North_16,3,Atlantic,North Atlantic
19.056239,72.925979,6,Atlantic_North_16,3,Atlantic,North Atlantic
20.305312,72.839559,7,Atlantic_North_16,3,Atlantic,North Atlantic
21.303476,72.787811,8,Atlantic_North_16,3,Atlantic,North Atlantic
21.79164,72.991631,1,Atlantic_North_17,3,Atlantic,North Atlantic
22.848679,73.231622,2,Atlantic_North_17,3,Atlantic,North Atlantic
23.385382,73.343829,3,Atlantic_North_17,3,Atlantic,North Atlantic
24.599951,73.558452,4,Atlantic_North_17,3,Atlantic,North Atlantic
25.535579,73.705662,5,Atlantic_North_17,3,Atlantic,North Atlantic
27.013477,74.135552,6,Atlantic_North_17,3,Atlantic,North Atlantic
28.107823,74.476866,7,Atlantic_North_17,3,Atlantic,North Atlantic
29.35566,74.852771,8,Atlantic_North_17,3,Atlantic,North Atlantic
30.580894,75.185456,9,Atlantic_North_17,3,Atlantic,North Atlantic
31.379688,75.486291,10,Atlantic_North_17,3,Atlantic,North Atlantic
32.211775,75.784173,11,Atlantic_North_17,3,Atlantic,North Atlantic
33.193315,76.052119,12,Atlantic_North_17,3,Atlantic,North Atlantic
34.523444,76.248256,13,Atlantic_North_17,3,Atlantic,North Atlantic
35.833078,76.301453,14,Atlantic_North_17,3,Atlantic,North Atlantic
37.483973,76.266943,15,Atlantic_North_17,3,Atlantic,North Atlantic
39.192067,76.158315,16,Atlantic_North_17,3,Atlantic,North Atlantic
40.453339,76.160621,17,Atlantic_North_17,3,Atlantic,North Atlantic
42.011521,76.223294,18,Atlantic_North_17,3,Atlantic,North Atlantic
45.243212,76.203998,19,Atlantic_North_17,3,Atlantic,North Atlantic
48.15311,76.426689,20,Atlantic_North_17,3,Atlantic,North Atlantic
52.569365,77.252535,21,Atlantic_North_17,3,Atlantic,North Atlantic
55.535865,77.70249,22,Atlantic_North_17,3,Atlantic,North Atlantic
59.190359,77.811824,23,Atlantic_North_17,3,Atlantic,North Atlantic
62.11198,77.847985,24,Atlantic_North_17,3,Atlantic,North Atlantic
64.893256,78.24498,25,Atlantic_North_17,3,Atlantic,North Atlantic
67.662909,78.867386,26,Atlantic_North_17,3,Atlantic,North Atlantic
71.067473,79.03788,27,Atlantic_North_17,3,Atlantic,North Atlantic
72.464131,79.507615,28,Atlantic_North_17,3,Atlantic,North Atlantic
74.36745,81.310202,29,Atlantic_North_17,3,Atlantic,North Atlantic
76.799619,81.930456,30,Atlantic_North_17,3,Atlantic,North Atlantic
81.558404,82.249736,31,Atlantic_North_17,3,Atlantic,North Atlantic
31.379688,75.486291,1,Atlantic_North_18,2,Atlantic,North Atlantic
31.371949,75.856332,2,Atlantic_North_18,2,Atlantic,North Atlantic
31.203456,76.15389,3,Atlantic_North_18,2,Atlantic,North Atlantic
30.853196,76.367585,4,Atlantic_North_18,2,Atlantic,North Atlantic
30.432738,76.507345,5,Atlantic_North_18,2,Atlantic,North Atlantic
29.873524,76.713461,6,Atlantic_North_18,2,Atlantic,North Atlantic
29.583943,76.777818,7,Atlantic_North_18,2,Atlantic,North Atlantic
15.128026,75.195952,1,Atlantic_North_19,2,Atlantic,North Atlantic
15.19942,75.325334,2,Atlantic_North_19,2,Atlantic,North Atlantic
15.485145,75.406608,3,Atlantic_North_19,2,Atlantic,North Atlantic
15.805767,75.470418,4,Atlantic_North_19,2,Atlantic,North Atlantic
16.400493,75.585457,5,Atlantic_North_19,2,Atlantic,North Atlantic
17.266318,75.736889,6,Atlantic_North_19,2,Atlantic,North Atlantic
18.206349,75.872871,7,Atlantic_North_19,2,Atlantic,North Atlantic
19.01378,75.978846,8,Atlantic_North_19,2,Atlantic,North Atlantic
19.879535,76.147457,9,Atlantic_North_19,2,Atlantic,North Atlantic
20.217636,76.215478,10,Atlantic_North_19,2,Atlantic,North Atlantic
20.563573,76.294464,1,Atlantic_North_20,2,Atlantic,North Atlantic
20.996574,76.451802,2,Atlantic_North_20,2,Atlantic,North Atlantic
21.067133,76.611783,3,Atlantic_North_20,2,Atlantic,North Atlantic
20.737964,76.71756,4,Atlantic_North_20,2,Atlantic,North Atlantic
20.098134,76.817614,5,Atlantic_North_20,2,Atlantic,North Atlantic
19.202849,76.70132,6,Atlantic_North_20,2,Atlantic,North Atlantic
18.838344,76.563134,7,Atlantic_North_20,2,Atlantic,North Atlantic
18.405052,76.413962,8,Atlantic_North_20,2,Atlantic,North Atlantic
17.755684,76.226394,9,Atlantic_North_20,2,Atlantic,North Atlantic
16.730215,76.132221,10,Atlantic_North_20,2,Atlantic,North Atlantic
15.821709,76.171407,11,Atlantic_North_20,2,Atlantic,North Atlantic
22.112174,72.905495,1,Atlantic_North_21,2,Atlantic,North Atlantic
22.853663,72.98371,2,Atlantic_North_21,2,Atlantic,North Atlantic
23.417766,73.040952,3,Atlantic_North_21,2,Atlantic,North Atlantic
24.472759,73.143088,4,Atlantic_North_21,2,Atlantic,North Atlantic
25.829403,73.264807,5,Atlantic_North_21,2,Atlantic,North Atlantic
27.66284,73.300124,6,Atlantic_North_21,2,Atlantic,North Atlantic
29.867901,73.245365,7,Atlantic_North_21,2,Atlantic,North Atlantic
31.135694,73.195546,8,Atlantic_North_21,2,Atlantic,North Atlantic
32.272315,73.118776,9,Atlantic_North_21,2,Atlantic,North Atlantic
34.592453,72.856596,10,Atlantic_North_21,2,Atlantic,North Atlantic
37.090588,72.589902,11,Atlantic_North_21,2,Atlantic,North Atlantic
38.950513,72.481226,12,Atlantic_North_21,2,Atlantic,North Atlantic
40.801944,72.542228,13,Atlantic_North_21,2,Atlantic,North Atlantic
42.144307,72.689403,14,Atlantic_North_21,2,Atlantic,North Atlantic
43.329717,72.948017,15,Atlantic_North_21,2,Atlantic,North Atlantic
44.712729,73.440183,16,Atlantic_North_21,2,Atlantic,North Atlantic
46.393634,74.202956,17,Atlantic_North_21,2,Atlantic,North Atlantic
48.183088,74.99857,18,Atlantic_North_21,2,Atlantic,North Atlantic
49.349521,75.547628,19,Atlantic_North_21,2,Atlantic,North Atlantic
22.073809,72.66392,1,Atlantic_North_22,3,Atlantic,North Atlantic
23.025426,72.535285,2,Atlantic_North_22,3,Atlantic,North Atlantic
24.375582,72.383027,3,Atlantic_North_22,3,Atlantic,North Atlantic
25.698537,72.280342,4,Atlantic_North_22,3,Atlantic,North Atlantic
27.159829,72.171033,5,Atlantic_North_22,3,Atlantic,North Atlantic
28.669235,72.063951,6,Atlantic_North_22,3,Atlantic,North Atlantic
31.18972,71.943174,7,Atlantic_North_22,3,Atlantic,North Atlantic
34.341367,71.697418,8,Atlantic_North_22,3,Atlantic,North Atlantic
38.495547,71.266699,9,Atlantic_North_22,3,Atlantic,North Atlantic
40.056552,71.243512,10,Atlantic_North_22,3,Atlantic,North Atlantic
40.753237,71.33585,11,Atlantic_North_22,3,Atlantic,North Atlantic
41.35228,71.535738,12,Atlantic_North_22,3,Atlantic,North Atlantic
42.634263,71.953215,13,Atlantic_North_22,3,Atlantic,North Atlantic
43.779416,72.15589,14,Atlantic_North_22,3,Atlantic,North Atlantic
45.237864,72.327236,15,Atlantic_North_22,3,Atlantic,North Atlantic
46.618822,72.511748,16,Atlantic_North_22,3,Atlantic,North Atlantic
47.683793,72.720323,17,Atlantic_North_22,3,Atlantic,North Atlantic
48.574086,72.95637,18,Atlantic_North_22,3,Atlantic,North Atlantic
49.586259,73.302099,19,Atlantic_North_22,3,Atlantic,North Atlantic
50.984375,73.810843,20,Atlantic_North_22,3,Atlantic,North Atlantic
52.082178,74.235789,21,Atlantic_North_22,3,Atlantic,North Atlantic
53.376769,74.789705,22,Atlantic_North_22,3,Atlantic,North Atlantic
54.220267,75.223702,23,Atlantic_North_22,3,Atlantic,North Atlantic
56.137169,75.778333,24,Atlantic_North_22,3,Atlantic,North Atlantic
58.030802,76.236441,25,Atlantic_North_22,3,Atlantic,North Atlantic
60.499284,76.677897,26,Atlantic_North_22,3,Atlantic,North Atlantic
62.204334,77.021346,27,Atlantic_North_22,3,Atlantic,North Atlantic
40.632499,71.330283,1,Atlantic_North_23,2,Atlantic,North Atlantic
42.816939,71.521203,2,Atlantic_North_23,2,Atlantic,North Atlantic
44.257256,71.393551,3,Atlantic_North_23,2,Atlantic,North Atlantic
45.497103,71.10552,4,Atlantic_North_23,2,Atlantic,North Atlantic
46.847966,70.903961,5,Atlantic_North_23,2,Atlantic,North Atlantic
28.25034,73.762589,1,Atlantic_North_24,2,Atlantic,North Atlantic
29.392126,73.783077,2,Atlantic_North_24,2,Atlantic,North Atlantic
30.609543,73.846796,3,Atlantic_North_24,2,Atlantic,North Atlantic
31.490719,73.893217,4,Atlantic_North_24,2,Atlantic,North Atlantic
32.789904,74.094638,5,Atlantic_North_24,2,Atlantic,North Atlantic
33.346397,74.196767,6,Atlantic_North_24,2,Atlantic,North Atlantic
33.954179,74.224457,7,Atlantic_North_24,2,Atlantic,North Atlantic
34.349635,74.198915,8,Atlantic_North_24,2,Atlantic,North Atlantic
34.663676,74.153214,9,Atlantic_North_24,2,Atlantic,North Atlantic
34.817149,74.111653,10,Atlantic_North_24,2,Atlantic,North Atlantic
34.899022,74.055225,11,Atlantic_North_24,2,Atlantic,North Atlantic
34.909944,73.976203,12,Atlantic_North_24,2,Atlantic,North Atlantic
34.799445,73.855851,13,Atlantic_North_24,2,Atlantic,North Atlantic
34.531805,73.710633,14,Atlantic_North_24,2,Atlantic,North Atlantic
34.027411,73.61071,15,Atlantic_North_24,2,Atlantic,North Atlantic
33.143336,73.582737,16,Atlantic_North_24,2,Atlantic,North Atlantic
65.018433,77.270552,1,Atlantic_North_25,2,Atlantic,North Atlantic
66.421888,77.357079,2,Atlantic_North_25,2,Atlantic,North Atlantic
67.746148,77.351626,3,Atlantic_North_25,2,Atlantic,North Atlantic
68.77919,77.297231,4,Atlantic_North_25,2,Atlantic,North Atlantic
69.821292,77.088427,5,Atlantic_North_25,2,Atlantic,North Atlantic
70.660558,76.933999,6,Atlantic_North_25,2,Atlantic,North Atlantic
71.314737,76.890402,7,Atlantic_North_25,2,Atlantic,North Atlantic
71.889495,76.964583,8,Atlantic_North_25,2,Atlantic,North Atlantic
7.745339,77.694842,1,Atlantic_North_26,2,Atlantic,North Atlantic
7.011774,77.906226,2,Atlantic_North_26,2,Atlantic,North Atlantic
5.691232,78.039443,3,Atlantic_North_26,2,Atlantic,North Atlantic
3.715241,78.106786,4,Atlantic_North_26,2,Atlantic,North Atlantic
1.876795,77.967458,5,Atlantic_North_26,2,Atlantic,North Atlantic
0.414219,77.680579,6,Atlantic_North_26,2,Atlantic,North Atlantic
-0.177057,77.351102,7,Atlantic_North_26,2,Atlantic,North Atlantic
7.366148,79.588608,1,Atlantic_North_27,3,Atlantic,North Atlantic
6.623004,79.755679,2,Atlantic_North_27,3,Atlantic,North Atlantic
6.07911,79.837052,3,Atlantic_North_27,3,Atlantic,North Atlantic
5.475951,79.988789,4,Atlantic_North_27,3,Atlantic,North Atlantic
4.939876,80.139044,5,Atlantic_North_27,3,Atlantic,North Atlantic
4.484935,80.262254,6,Atlantic_North_27,3,Atlantic,North Atlantic
4.184566,80.299554,7,Atlantic_North_27,3,Atlantic,North Atlantic
3.779067,80.380023,8,Atlantic_North_27,3,Atlantic,North Atlantic
3.615174,80.518018,9,Atlantic_North_27,3,Atlantic,North Atlantic
3.470722,80.650871,10,Atlantic_North_27,3,Atlantic,North Atlantic
15.817543,71.908817,1,Atlantic_North_28,4,Atlantic,North Atlantic
15.600281,72.056187,2,Atlantic_North_28,4,Atlantic,North Atlantic
15.426797,72.214709,3,Atlantic_North_28,4,Atlantic,North Atlantic
15.288238,72.373022,4,Atlantic_North_28,4,Atlantic,North Atlantic
15.11823,72.4824,5,Atlantic_North_28,4,Atlantic,North Atlantic
15.022913,72.560025,6,Atlantic_North_28,4,Atlantic,North Atlantic
15.023056,72.6721,7,Atlantic_North_28,4,Atlantic,North Atlantic
15.052585,72.876126,8,Atlantic_North_28,4,Atlantic,North Atlantic
15.003843,73.008319,9,Atlantic_North_28,4,Atlantic,North Atlantic
14.984044,73.166366,10,Atlantic_North_28,4,Atlantic,North Atlantic
15.023839,73.258319,11,Atlantic_North_28,4,Atlantic,North Atlantic
15.235485,73.424852,12,Atlantic_North_28,4,Atlantic,North Atlantic
15.307665,73.519584,13,Atlantic_North_28,4,Atlantic,North Atlantic
15.484356,73.68017,14,Atlantic_North_28,4,Atlantic,North Atlantic
15.622328,73.81774,15,Atlantic_North_28,4,Atlantic,North Atlantic
15.98129,73.962955,16,Atlantic_North_28,4,Atlantic,North Atlantic
16.119922,74.014008,17,Atlantic_North_28,4,Atlantic,North Atlantic
16.178029,74.097041,18,Atlantic_North_28,4,Atlantic,North Atlantic
16.239802,74.220273,19,Atlantic_North_28,4,Atlantic,North Atlantic
16.301829,74.334869,20,Atlantic_North_28,4,Atlantic,North Atlantic
16.256525,74.435716,21,Atlantic_North_28,4,Atlantic,North Atlantic
16.177702,74.528108,22,Atlantic_North_28,4,Atlantic,North Atlantic
16.15125,74.608709,23,Atlantic_North_28,4,Atlantic,North Atlantic
16.003444,74.666892,24,Atlantic_North_28,4,Atlantic,North Atlantic
15.810198,74.710773,25,Atlantic_North_28,4,Atlantic,North Atlantic
15.661743,74.806078,26,Atlantic_North_28,4,Atlantic,North Atlantic
15.641843,74.854981,27,Atlantic_North_28,4,Atlantic,North Atlantic
15.688358,74.91231,28,Atlantic_North_28,4,Atlantic,North Atlantic
15.767292,74.946538,29,Atlantic_North_28,4,Atlantic,North Atlantic
15.747268,74.989704,30,Atlantic_North_28,4,Atlantic,North Atlantic
15.617914,75.082032,31,Atlantic_North_28,4,Atlantic,North Atlantic
15.116734,75.189134,32,Atlantic_North_28,4,Atlantic,North Atlantic
14.710828,75.266556,33,Atlantic_North_28,4,Atlantic,North Atlantic
14.436399,75.357993,34,Atlantic_North_28,4,Atlantic,North Atlantic
14.318352,75.455366,35,Atlantic_North_28,4,Atlantic,North Atlantic
14.198905,75.549806,36,Atlantic_North_28,4,Atlantic,North Atlantic
14.074838,75.693016,37,Atlantic_North_28,4,Atlantic,North Atlantic
14.056168,75.802126,38,Atlantic_North_28,4,Atlantic,North Atlantic
14.23392,75.983761,39,Atlantic_North_28,4,Atlantic,North Atlantic
14.310682,76.113275,40,Atlantic_North_28,4,Atlantic,North Atlantic
14.496915,76.260244,41,Atlantic_North_28,4,Atlantic,North Atlantic
14.65238,76.329458,42,Atlantic_North_28,4,Atlantic,North Atlantic
14.638666,76.389767,43,Atlantic_North_28,4,Atlantic,North Atlantic
14.489801,76.455583,44,Atlantic_North_28,4,Atlantic,North Atlantic
13.943556,76.54295,45,Atlantic_North_28,4,Atlantic,North Atlantic
13.562941,76.641647,46,Atlantic_North_28,4,Atlantic,North Atlantic
13.162705,76.751159,47,Atlantic_North_28,4,Atlantic,North Atlantic
12.912349,76.829727,48,Atlantic_North_28,4,Atlantic,North Atlantic
12.499517,76.946809,49,Atlantic_North_28,4,Atlantic,North Atlantic
11.914872,77.052708,50,Atlantic_North_28,4,Atlantic,North Atlantic
11.714253,77.136574,51,Atlantic_North_28,4,Atlantic,North Atlantic
11.459214,77.219597,52,Atlantic_North_28,4,Atlantic,North Atlantic
11.341081,77.361885,53,Atlantic_North_28,4,Atlantic,North Atlantic
11.243199,77.426727,54,Atlantic_North_28,4,Atlantic,North Atlantic
10.977946,77.555323,55,Atlantic_North_28,4,Atlantic,North Atlantic
10.560611,77.678437,56,Atlantic_North_28,4,Atlantic,North Atlantic
10.18454,77.778711,57,Atlantic_North_28,4,Atlantic,North Atlantic
9.848016,77.867776,58,Atlantic_North_28,4,Atlantic,North Atlantic
9.544759,77.994668,59,Atlantic_North_28,4,Atlantic,North Atlantic
9.395825,78.107133,60,Atlantic_North_28,4,Atlantic,North Atlantic
9.318137,78.212342,61,Atlantic_North_28,4,Atlantic,North Atlantic
9.507256,78.322768,62,Atlantic_North_28,4,Atlantic,North Atlantic
9.567974,78.407562,63,Atlantic_North_28,4,Atlantic,North Atlantic
9.408393,78.531466,64,Atlantic_North_28,4,Atlantic,North Atlantic
9.305966,78.621826,65,Atlantic_North_28,4,Atlantic,North Atlantic
9.08072,78.71842,66,Atlantic_North_28,4,Atlantic,North Atlantic
8.794717,78.755908,67,Atlantic_North_28,4,Atlantic,North Atlantic
8.659034,78.839712,68,Atlantic_North_28,4,Atlantic,North Atlantic
8.499914,78.908545,69,Atlantic_North_28,4,Atlantic,North Atlantic
8.665873,79.013169,70,Atlantic_North_28,4,Atlantic,North Atlantic
8.592893,79.060756,71,Atlantic_North_28,4,Atlantic,North Atlantic
8.436715,79.144139,72,Atlantic_North_28,4,Atlantic,North Atlantic
8.211765,79.23467,73,Atlantic_North_28,4,Atlantic,North Atlantic
7.987261,79.342482,74,Atlantic_North_28,4,Atlantic,North Atlantic
7.927883,79.479995,75,Atlantic_North_28,4,Atlantic,North Atlantic
-1.767867,72.05831,1,Atlantic_North_29,3,Atlantic,North Atlantic
0.031024,72.349646,2,Atlantic_North_29,3,Atlantic,North Atlantic
1.729785,72.625628,3,Atlantic_North_29,3,Atlantic,North Atlantic
3.389721,72.905182,4,Atlantic_North_29,3,Atlantic,North Atlantic
5.615435,73.334646,5,Atlantic_North_29,3,Atlantic,North Atlantic
7.094132,73.720773,6,Atlantic_North_29,3,Atlantic,North Atlantic
7.827638,74.22127,7,Atlantic_North_29,3,Atlantic,North Atlantic
7.330311,74.818139,8,Atlantic_North_29,3,Atlantic,North Atlantic
6.85284,75.554971,9,Atlantic_North_29,3,Atlantic,North Atlantic
7.158086,76.069363,10,Atlantic_North_29,3,Atlantic,North Atlantic
7.334067,76.630953,11,Atlantic_North_29,3,Atlantic,North Atlantic
7.933551,77.255779,12,Atlantic_North_29,3,Atlantic,North Atlantic
8.023021,77.477936,13,Atlantic_North_29,3,Atlantic,North Atlantic
8.09902,77.705431,1,Atlantic_North_30,2,Atlantic,North Atlantic
8.109548,77.931231,2,Atlantic_North_30,2,Atlantic,North Atlantic
8.195406,78.124146,3,Atlantic_North_30,2,Atlantic,North Atlantic
8.302431,78.334809,4,Atlantic_North_30,2,Atlantic,North Atlantic
7.972308,78.552536,5,Atlantic_North_30,2,Atlantic,North Atlantic
7.54472,78.808287,6,Atlantic_North_30,2,Atlantic,North Atlantic
7.618004,79.106787,7,Atlantic_North_30,2,Atlantic,North Atlantic
7.069167,79.398816,8,Atlantic_North_30,2,Atlantic,North Atlantic
45.375609,82.403557,1,Atlantic_North_31,1,Atlantic,North Atlantic
46.531389,82.402703,2,Atlantic_North_31,1,Atlantic,North Atlantic
47.806872,82.354614,3,Atlantic_North_31,1,Atlantic,North Atlantic
49.18803,82.240032,4,Atlantic_North_31,1,Atlantic,North Atlantic
49.981301,82.103813,5,Atlantic_North_31,1,Atlantic,North Atlantic
50.317737,81.910667,6,Atlantic_North_31,1,Atlantic,North Atlantic
50.528906,81.689963,7,Atlantic_North_31,1,Atlantic,North Atlantic
-76.193202,30.042471,1,Atlantic_North_32,7,Atlantic,North Atlantic
-75.440517,32.006172,2,Atlantic_North_32,7,Atlantic,North Atlantic
-74.049549,34.5739,3,Atlantic_North_32,7,Atlantic,North Atlantic
-72.786299,36.429167,4,Atlantic_North_32,7,Atlantic,North Atlantic
-70.12203,38.350194,5,Atlantic_North_32,7,Atlantic,North Atlantic
-67.472166,39.325364,6,Atlantic_North_32,7,Atlantic,North Atlantic
-65.269396,40.232254,7,Atlantic_North_32,7,Atlantic,North Atlantic
-63.190024,41.204505,8,Atlantic_North_32,7,Atlantic,North Atlantic
-57.860306,42.196238,9,Atlantic_North_32,7,Atlantic,North Atlantic
-49.736662,42.518947,10,Atlantic_North_32,7,Atlantic,North Atlantic
-42.647383,43.465413,11,Atlantic_North_32,7,Atlantic,North Atlantic
-33.883076,46.555977,12,Atlantic_North_32,7,Atlantic,North Atlantic
-21.67955,50.482874,13,Atlantic_North_32,7,Atlantic,North Atlantic
-17.782232,53.806342,14,Atlantic_North_32,7,Atlantic,North Atlantic
-20.200293,58.804003,1,Atlantic_North_33,3,Atlantic,North Atlantic
-22.914164,60.561212,2,Atlantic_North_33,3,Atlantic,North Atlantic
-25.840188,61.081929,3,Atlantic_North_33,3,Atlantic,North Atlantic
-27.8712,61.553834,4,Atlantic_North_33,3,Atlantic,North Atlantic
-29.337462,63.416916,5,Atlantic_North_33,3,Atlantic,North Atlantic
-29.51851,64.046777,6,Atlantic_North_33,3,Atlantic,North Atlantic
-29.665719,64.355672,7,Atlantic_North_33,3,Atlantic,North Atlantic
-29.863252,64.699557,8,Atlantic_North_33,3,Atlantic,North Atlantic
-30.1996,64.91412,9,Atlantic_North_33,3,Atlantic,North Atlantic
-30.702999,64.986613,10,Atlantic_North_33,3,Atlantic,North Atlantic
-31.239268,64.936085,11,Atlantic_North_33,3,Atlantic,North Atlantic
-31.869029,64.917264,12,Atlantic_North_33,3,Atlantic,North Atlantic
-32.538285,64.771538,13,Atlantic_North_33,3,Atlantic,North Atlantic
-33.845867,64.294675,14,Atlantic_North_33,3,Atlantic,North Atlantic
-22.614662,60.837592,1,Atlantic_North_34,2,Atlantic,North Atlantic
-24.326875,62.177164,2,Atlantic_North_34,2,Atlantic,North Atlantic
-27.071555,63.210686,3,Atlantic_North_34,2,Atlantic,North Atlantic
-28.762648,64.09003,4,Atlantic_North_34,2,Atlantic,North Atlantic
-29.700968,64.416151,1,Atlantic_North_35,3,Atlantic,North Atlantic
-29.383494,64.969599,2,Atlantic_North_35,3,Atlantic,North Atlantic
-28.514842,65.424016,3,Atlantic_North_35,3,Atlantic,North Atlantic
-26.000001,66.560287,4,Atlantic_North_35,3,Atlantic,North Atlantic
-23.169945,67.61025,5,Atlantic_North_35,3,Atlantic,North Atlantic
-20.746767,68.052213,6,Atlantic_North_35,3,Atlantic,North Atlantic
-20.508326,51.58204,1,Atlantic_North_36,5,Atlantic,North Atlantic
-20.318084,52.357371,2,Atlantic_North_36,5,Atlantic,North Atlantic
-20.667852,54.163646,3,Atlantic_North_36,5,Atlantic,North Atlantic
-21.186716,55.745184,4,Atlantic_North_36,5,Atlantic,North Atlantic
-21.251666,57.492686,5,Atlantic_North_36,5,Atlantic,North Atlantic
-19.579208,59.37209,6,Atlantic_North_36,5,Atlantic,North Atlantic
-15.159155,61.383376,7,Atlantic_North_36,5,Atlantic,North Atlantic
-14.33627,61.67462,1,Atlantic_North_37,3,Atlantic,North Atlantic
-10.372233,62.942139,2,Atlantic_North_37,3,Atlantic,North Atlantic
-6.118704,63.382715,3,Atlantic_North_37,3,Atlantic,North Atlantic
-2.559446,63.595322,4,Atlantic_North_37,3,Atlantic,North Atlantic
-1.192647,65.177438,5,Atlantic_North_37,3,Atlantic,North Atlantic
-3.279271,66.809312,6,Atlantic_North_37,3,Atlantic,North Atlantic
-6.414308,68.293524,7,Atlantic_North_37,3,Atlantic,North Atlantic
-7.001422,69.301846,8,Atlantic_North_37,3,Atlantic,North Atlantic
-3.736864,71.382954,9,Atlantic_North_37,3,Atlantic,North Atlantic
-2.250749,71.878506,10,Atlantic_North_37,3,Atlantic,North Atlantic
-7.362739,69.37996,1,Atlantic_North_38,2,Atlantic,North Atlantic
-9.329815,70.297437,2,Atlantic_North_38,2,Atlantic,North Atlantic
-11.992604,70.486878,3,Atlantic_North_38,2,Atlantic,North Atlantic
-14.421007,70.271262,4,Atlantic_North_38,2,Atlantic,North Atlantic
-43.72042,58.6558,1,Atlantic_North_39,3,Atlantic,North Atlantic
-44.402218,58.637949,2,Atlantic_North_39,3,Atlantic,North Atlantic
-45.64716,58.827119,3,Atlantic_North_39,3,Atlantic,North Atlantic
-47.881575,59.400991,4,Atlantic_North_39,3,Atlantic,North Atlantic
-49.445655,60.272858,5,Atlantic_North_39,3,Atlantic,North Atlantic
-51.176628,61.137964,6,Atlantic_North_39,3,Atlantic,North Atlantic
-52.705869,62.209801,7,Atlantic_North_39,3,Atlantic,North Atlantic
-53.975211,62.886564,8,Atlantic_North_39,3,Atlantic,North Atlantic
-55.115777,63.338206,9,Atlantic_North_39,3,Atlantic,North Atlantic
-56.905768,63.222397,10,Atlantic_North_39,3,Atlantic,North Atlantic
-58.083326,62.634061,11,Atlantic_North_39,3,Atlantic,North Atlantic
-59.337614,61.690698,12,Atlantic_North_39,3,Atlantic,North Atlantic
-59.711808,61.297615,13,Atlantic_North_39,3,Atlantic,North Atlantic
-59.833452,60.770636,14,Atlantic_North_39,3,Atlantic,North Atlantic
-59.914585,60.208404,15,Atlantic_North_39,3,Atlantic,North Atlantic
-59.66905,59.617118,16,Atlantic_North_39,3,Atlantic,North Atlantic
-59.395194,58.950379,17,Atlantic_North_39,3,Atlantic,North Atlantic
-34.588033,64.033939,1,Atlantic_North_40,3,Atlantic,North Atlantic
-36.20058,63.453667,2,Atlantic_North_40,3,Atlantic,North Atlantic
-38.234604,62.322028,3,Atlantic_North_40,3,Atlantic,North Atlantic
-39.876898,61.180301,4,Atlantic_North_40,3,Atlantic,North Atlantic
-41.493959,59.90814,5,Atlantic_North_40,3,Atlantic,North Atlantic
-42.238843,59.277219,6,Atlantic_North_40,3,Atlantic,North Atlantic
-43.119795,58.813011,7,Atlantic_North_40,3,Atlantic,North Atlantic
-41.986908,59.468908,1,Atlantic_North_41,1,Atlantic,North Atlantic
-42.540426,58.635721,2,Atlantic_North_41,1,Atlantic,North Atlantic
-42.768207,58.222524,3,Atlantic_North_41,1,Atlantic,North Atlantic
-42.858946,57.995966,4,Atlantic_North_41,1,Atlantic,North Atlantic
-42.95827,57.400597,5,Atlantic_North_41,1,Atlantic,North Atlantic
-177.738974,76.926444,1,Atlantic_North_42,3,Atlantic,North Atlantic
-170.090437,76.533975,2,Atlantic_North_42,3,Atlantic,North Atlantic
-165.810831,76.364316,3,Atlantic_North_42,3,Atlantic,North Atlantic
-161.997509,75.30974,4,Atlantic_North_42,3,Atlantic,North Atlantic
-158.848474,73.226332,5,Atlantic_North_42,3,Atlantic,North Atlantic
-153.646096,72.006327,6,Atlantic_North_42,3,Atlantic,North Atlantic
-150.43538,71.68631,7,Atlantic_North_42,3,Atlantic,North Atlantic
-148.875703,71.488853,1,Atlantic_North_43,3,Atlantic,North Atlantic
-145.188656,71.088896,2,Atlantic_North_43,3,Atlantic,North Atlantic
-141.150415,70.909154,3,Atlantic_North_43,3,Atlantic,North Atlantic
-138.911548,71.197036,4,Atlantic_North_43,3,Atlantic,North Atlantic
-135.596033,71.787004,5,Atlantic_North_43,3,Atlantic,North Atlantic
-131.098786,72.898,6,Atlantic_North_43,3,Atlantic,North Atlantic
-129.549843,75.868311,7,Atlantic_North_43,3,Atlantic,North Atlantic
-128.746146,76.343492,8,Atlantic_North_43,3,Atlantic,North Atlantic
-127.671022,76.87225,1,Atlantic_North_44,3,Atlantic,North Atlantic
-125.863806,77.749925,2,Atlantic_North_44,3,Atlantic,North Atlantic
-113.400438,81.068192,3,Atlantic_North_44,3,Atlantic,North Atlantic
-107.564325,81.892087,4,Atlantic_North_44,3,Atlantic,North Atlantic
-83.663651,84.080464,5,Atlantic_North_44,3,Atlantic,North Atlantic
-42.464623,85.007917,6,Atlantic_North_44,3,Atlantic,North Atlantic
-24.318345,84.458893,7,Atlantic_North_44,3,Atlantic,North Atlantic
-15.335368,83.652689,8,Atlantic_North_44,3,Atlantic,North Atlantic
114.822519,79.012005,1,Atlantic_North_45,3,Atlantic,North Atlantic
118.229835,78.021467,2,Atlantic_North_45,3,Atlantic,North Atlantic
124.023358,77.623101,3,Atlantic_North_45,3,Atlantic,North Atlantic
129.655327,78.270877,4,Atlantic_North_45,3,Atlantic,North Atlantic
135.034408,79.001763,5,Atlantic_North_45,3,Atlantic,North Atlantic
143.717506,80.231428,6,Atlantic_North_45,3,Atlantic,North Atlantic
152.613907,80.304605,7,Atlantic_North_45,3,Atlantic,North Atlantic
166.46215,78.858275,8,Atlantic_North_45,3,Atlantic,North Atlantic
171.964557,77.646856,9,Atlantic_North_45,3,Atlantic,North Atlantic
179.883479,77.040053,10,Atlantic_North_45,3,Atlantic,North Atlantic
137.485552,79.737665,1,Atlantic_North_46,3,Atlantic,North Atlantic
137.577063,81.019623,2,Atlantic_North_46,3,Atlantic,North Atlantic
141.669765,84.013711,3,Atlantic_North_46,3,Atlantic,North Atlantic
136.708211,86.899097,4,Atlantic_North_46,3,Atlantic,North Atlantic
129.325987,88.62013,5,Atlantic_North_46,3,Atlantic,North Atlantic
-47.454183,88.81272,6,Atlantic_North_46,3,Atlantic,North Atlantic
-30.243398,87.50413,7,Atlantic_North_46,3,Atlantic,North Atlantic
-27.035265,86.522783,8,Atlantic_North_46,3,Atlantic,North Atlantic
-19.410608,85.687463,9,Atlantic_North_46,3,Atlantic,North Atlantic
-177.643391,77.363854,1,Atlantic_North_47,3,Atlantic,North Atlantic
-171.493944,77.764626,2,Atlantic_North_47,3,Atlantic,North Atlantic
-167.421743,78.587553,3,Atlantic_North_47,3,Atlantic,North Atlantic
-164.083367,79.115836,4,Atlantic_North_47,3,Atlantic,North Atlantic
-64.718616,84.37841,1,Arctic_North_1,3,Arctic,North Atlantic
-27.375227,84.393773,2,Arctic_North_1,3,Arctic,North Atlantic
-15.119324,83.212887,3,Arctic_North_1,3,Arctic,North Atlantic
58.977249,84.686891,1,Arctic_North_2,4,Arctic,North Atlantic
37.776641,84.219847,2,Arctic_North_2,4,Arctic,North Atlantic
20.903514,83.470839,3,Arctic_North_2,4,Arctic,North Atlantic
16.006274,83.216984,4,Arctic_North_2,4,Arctic,North Atlantic
12.216896,82.968599,5,Arctic_North_2,4,Arctic,North Atlantic
8.144988,82.701202,6,Arctic_North_2,4,Arctic,North Atlantic
4.460186,82.308682,7,Arctic_North_2,4,Arctic,North Atlantic
1.979424,81.939392,8,Arctic_North_2,4,Arctic,North Atlantic
0.108294,81.542211,9,Arctic_North_2,4,Arctic,North Atlantic
-1.103861,81.081401,10,Arctic_North_2,4,Arctic,North Atlantic
-1.628513,80.728753,11,Arctic_North_2,4,Arctic,North Atlantic
-1.928276,80.510695,12,Arctic_North_2,4,Arctic,North Atlantic
-2.696707,79.968378,13,Arctic_North_2,4,Arctic,North Atlantic
46.905946,83.041999,1,Arctic_North_3,2,Arctic,North Atlantic
43.149489,82.811559,2,Arctic_North_3,2,Arctic,North Atlantic
38.831508,82.742818,3,Arctic_North_3,2,Arctic,North Atlantic
33.596268,82.388398,4,Arctic_North_3,2,Arctic,North Atlantic
30.598345,82.169123,5,Arctic_North_3,2,Arctic,North Atlantic
26.738897,82.025255,6,Arctic_North_3,2,Arctic,North Atlantic
23.098801,81.874527,7,Arctic_North_3,2,Arctic,North Atlantic
18.908746,81.826627,8,Arctic_North_3,2,Arctic,North Atlantic
16.250647,81.630912,9,Arctic_North_3,2,Arctic,North Atlantic
12.896439,81.156039,10,Arctic_North_3,2,Arctic,North Atlantic
10.784164,81.03465,11,Arctic_North_3,2,Arctic,North Atlantic
38.358275,81.834483,1,Arctic_North_4,2,Arctic,North Atlantic
39.059278,81.162816,2,Arctic_North_4,2,Arctic,North Atlantic
39.172823,80.622206,3,Arctic_North_4,2,Arctic,North Atlantic
38.422326,80.307554,4,Arctic_North_4,2,Arctic,North Atlantic
30.920968,81.353267,1,Arctic_North_5,2,Arctic,North Atlantic
30.423813,80.730102,2,Arctic_North_5,2,Arctic,North Atlantic
29.698155,80.393572,3,Arctic_North_5,2,Arctic,North Atlantic
29.474222,80.107078,4,Arctic_North_5,2,Arctic,North Atlantic
28.887122,79.765952,5,Arctic_North_5,2,Arctic,North Atlantic
28.739627,79.583408,6,Arctic_North_5,2,Arctic,North Atlantic
25.809432,81.343682,1,Arctic_North_6,2,Arctic,North Atlantic
24.030467,80.984454,2,Arctic_North_6,2,Arctic,North Atlantic
23.149692,80.69621,3,Arctic_North_6,2,Arctic,North Atlantic
19.431358,81.124302,1,Arctic_North_7,2,Arctic,North Atlantic
18.387737,80.880589,2,Arctic_North_7,2,Arctic,North Atlantic
17.749093,80.655944,3,Arctic_North_7,2,Arctic,North Atlantic
17.349207,80.471974,4,Arctic_North_7,2,Arctic,North Atlantic
17.215919,80.270226,5,Arctic_North_7,2,Arctic,North Atlantic
70.303993,79.812458,1,Arctic_North_8,2,Arctic,North Atlantic
67.296174,79.620134,2,Arctic_North_8,2,Arctic,North Atlantic
65.744039,79.471056,3,Arctic_North_8,2,Arctic,North Atlantic
64.426535,79.401249,4,Arctic_North_8,2,Arctic,North Atlantic
63.144431,79.376222,5,Arctic_North_8,2,Arctic,North Atlantic
62.11125,79.33167,6,Arctic_North_8,2,Arctic,North Atlantic
59.552201,79.314434,7,Arctic_North_8,2,Arctic,North Atlantic
56.97463,79.317951,8,Arctic_North_8,2,Arctic,North Atlantic
53.9362,79.270172,9,Arctic_North_8,2,Arctic,North Atlantic
52.544591,79.230739,10,Arctic_North_8,2,Arctic,North Atlantic
50.339264,79.193924,11,Arctic_North_8,2,Arctic,North Atlantic
47.570342,79.147639,12,Arctic_North_8,2,Arctic,North Atlantic
44.338447,79.05634,13,Arctic_North_8,2,Arctic,North Atlantic
39.258734,78.717346,14,Arctic_North_8,2,Arctic,North Atlantic
29.330283,77.055424,15,Arctic_North_8,2,Arctic,North Atlantic
26.805476,79.227475,1,Arctic_North_9,2,Arctic,North Atlantic
25.454875,78.99612,2,Arctic_North_9,2,Arctic,North Atlantic
24.582052,78.588508,3,Arctic_North_9,2,Arctic,North Atlantic
25.356295,78.142169,4,Arctic_North_9,2,Arctic,North Atlantic
25.786883,77.834032,5,Arctic_North_9,2,Arctic,North Atlantic
25.215045,77.447823,6,Arctic_North_9,2,Arctic,North Atlantic
24.072336,77.19842,7,Arctic_North_9,2,Arctic,North Atlantic
22.669087,77.127141,8,Arctic_North_9,2,Arctic,North Atlantic
21.383004,77.097985,9,Arctic_North_9,2,Arctic,North Atlantic
37.783447,80.123175,1,Arctic_North_10,2,Arctic,North Atlantic
36.37623,79.770729,2,Arctic_North_10,2,Arctic,North Atlantic
35.152797,79.491884,3,Arctic_North_10,2,Arctic,North Atlantic
33.092769,79.041049,4,Arctic_North_10,2,Arctic,North Atlantic
32.105471,78.817782,5,Arctic_North_10,2,Arctic,North Atlantic
30.402265,78.347399,6,Arctic_North_10,2,Arctic,North Atlantic
28.974931,77.942874,7,Arctic_North_10,2,Arctic,North Atlantic
27.778462,77.560045,8,Arctic_North_10,2,Arctic,North Atlantic
20.216533,77.994519,1,Arctic_North_11,2,Arctic,North Atlantic
19.708493,77.755704,2,Arctic_North_11,2,Arctic,North Atlantic
19.466171,77.535062,3,Arctic_North_11,2,Arctic,North Atlantic
19.290729,77.175036,4,Arctic_North_11,2,Arctic,North Atlantic
18.793449,76.981164,5,Arctic_North_11,2,Arctic,North Atlantic
18.468454,76.81305,6,Arctic_North_11,2,Arctic,North Atlantic
18.214746,76.701273,7,Arctic_North_11,2,Arctic,North Atlantic
17.859068,76.555952,8,Arctic_North_11,2,Arctic,North Atlantic
17.521335,76.467536,1,Arctic_North_12,2,Arctic,North Atlantic
17.045915,76.408614,2,Arctic_North_12,2,Arctic,North Atlantic
16.554069,76.383409,3,Arctic_North_12,2,Arctic,North Atlantic
15.875041,76.44991,4,Arctic_North_12,2,Arctic,North Atlantic
15.290471,76.629374,5,Arctic_North_12,2,Arctic,North Atlantic
15.117064,76.681221,6,Arctic_North_12,2,Arctic,North Atlantic
14.538383,76.835959,1,Arctic_North_13,2,Arctic,North Atlantic
13.867765,77.012023,2,Arctic_North_13,2,Arctic,North Atlantic
13.304818,77.215886,3,Arctic_North_13,2,Arctic,North Atlantic
13.083751,77.306349,4,Arctic_North_13,2,Arctic,North Atlantic
12.916838,77.368333,5,Arctic_North_13,2,Arctic,North Atlantic
12.691845,77.59646,1,Arctic_North_14,2,Arctic,North Atlantic
12.26559,77.834056,2,Arctic_North_14,2,Arctic,North Atlantic
12.136755,77.919029,3,Arctic_North_14,2,Arctic,North Atlantic
12.629575,78.211101,1,Arctic_North_15,2,Arctic,North Atlantic
12.401812,78.352876,2,Arctic_North_15,2,Arctic,North Atlantic
12.123734,78.442267,3,Arctic_North_15,2,Arctic,North Atlantic
11.680813,78.587149,4,Arctic_North_15,2,Arctic,North Atlantic
13.30454,77.417041,1,Arctic_North_16,2,Arctic,North Atlantic
13.606403,77.550942,2,Arctic_North_16,2,Arctic,North Atlantic
14.106448,77.639227,3,Arctic_North_16,2,Arctic,North Atlantic
12.717186,77.751898,1,Arctic_North_17,2,Arctic,North Atlantic
12.805124,77.867584,2,Arctic_North_17,2,Arctic,North Atlantic
12.958673,78.003114,3,Arctic_North_17,2,Arctic,North Atlantic
13.084256,78.047215,4,Arctic_North_17,2,Arctic,North Atlantic
13.326235,78.081686,5,Arctic_North_17,2,Arctic,North Atlantic
10.838995,78.259747,1,Arctic_North_18,2,Arctic,North Atlantic
10.468061,78.490335,2,Arctic_North_18,2,Arctic,North Atlantic
10.191615,78.670342,3,Arctic_North_18,2,Arctic,North Atlantic
9.9757,78.828181,4,Arctic_North_18,2,Arctic,North Atlantic
9.649759,79.076332,1,Arctic_North_19,2,Arctic,North Atlantic
9.553703,79.270772,2,Arctic_North_19,2,Arctic,North Atlantic
9.556674,79.449647,3,Arctic_North_19,2,Arctic,North Atlantic
9.724255,79.556284,4,Arctic_North_19,2,Arctic,North Atlantic
10.078451,79.682962,5,Arctic_North_19,2,Arctic,North Atlantic
10.535921,79.816309,6,Arctic_North_19,2,Arctic,North Atlantic
10.69425,79.904811,7,Arctic_North_19,2,Arctic,North Atlantic
9.618996,79.022441,1,Arctic_North_20,2,Arctic,North Atlantic
10.552348,79.062639,2,Arctic_North_20,2,Arctic,North Atlantic
11.362514,79.043809,3,Arctic_North_20,2,Arctic,North Atlantic
14.954713,80.478397,1,Arctic_North_21,2,Arctic,North Atlantic
14.852416,80.357748,2,Arctic_North_21,2,Arctic,North Atlantic
14.855317,80.162455,3,Arctic_North_21,2,Arctic,North Atlantic
15.187115,79.932673,4,Arctic_North_21,2,Arctic,North Atlantic
27.62917,76.498157,1,Arctic_North_22,2,Arctic,North Atlantic
26.857902,76.190556,2,Arctic_North_22,2,Arctic,North Atlantic
26.231033,75.869525,3,Arctic_North_22,2,Arctic,North Atlantic
25.058768,75.42653,4,Arctic_North_22,2,Arctic,North Atlantic
24.083066,75.004701,5,Arctic_North_22,2,Arctic,North Atlantic
23.135079,74.698544,6,Arctic_North_22,2,Arctic,North Atlantic
21.749574,74.4353,7,Arctic_North_22,2,Arctic,North Atlantic
20.495188,74.291219,8,Arctic_North_22,2,Arctic,North Atlantic
19.540598,74.151727,9,Arctic_North_22,2,Arctic,North Atlantic
18.481093,74.125198,10,Arctic_North_22,2,Arctic,North Atlantic
17.836954,74.169069,11,Arctic_North_22,2,Arctic,North Atlantic
17.689621,74.297479,1,Arctic_North_23,2,Arctic,North Atlantic
17.479382,74.449481,2,Arctic_North_23,2,Arctic,North Atlantic
18.009426,74.644276,3,Arctic_North_23,2,Arctic,North Atlantic
18.732339,74.944261,4,Arctic_North_23,2,Arctic,North Atlantic
19.207862,75.062688,5,Arctic_North_23,2,Arctic,North Atlantic
20.274955,75.369356,6,Arctic_North_23,2,Arctic,North Atlantic
21.165575,75.590084,7,Arctic_North_23,2,Arctic,North Atlantic
26.450501,76.736481,1,Arctic_North_24,2,Arctic,North Atlantic
25.915776,76.549836,2,Arctic_North_24,2,Arctic,North Atlantic
25.482219,76.410887,3,Arctic_North_24,2,Arctic,North Atlantic
24.811256,76.339332,4,Arctic_North_24,2,Arctic,North Atlantic
24.331334,76.357899,5,Arctic_North_24,2,Arctic,North Atlantic
65.306385,78.589026,1,Arctic_North_25,2,Arctic,North Atlantic
60.448741,78.559422,2,Arctic_North_25,2,Arctic,North Atlantic
53.097743,78.348211,3,Arctic_North_25,2,Arctic,North Atlantic
48.388334,77.723901,4,Arctic_North_25,2,Arctic,North Atlantic
46.753858,77.385453,5,Arctic_North_25,2,Arctic,North Atlantic
45.376076,77.0351,6,Arctic_North_25,2,Arctic,North Atlantic
51.476539,70.945729,1,Arctic_North_26,2,Arctic,North Atlantic
50.623926,71.341268,2,Arctic_North_26,2,Arctic,North Atlantic
50.386682,71.815084,3,Arctic_North_26,2,Arctic,North Atlantic
50.895081,72.654253,4,Arctic_North_26,2,Arctic,North Atlantic
51.831949,73.221999,5,Arctic_North_26,2,Arctic,North Atlantic
52.994425,73.843752,6,Arctic_North_26,2,Arctic,North Atlantic
53.730111,74.259104,7,Arctic_North_26,2,Arctic,North Atlantic
14.829461,76.876532,1,Arctic_North_27,2,Arctic,North Atlantic
14.974829,76.918599,2,Arctic_North_27,2,Arctic,North Atlantic
15.085513,76.93828,3,Arctic_North_27,2,Arctic,North Atlantic
15.240346,76.955475,4,Arctic_North_27,2,Arctic,North Atlantic
15.359775,76.961082,5,Arctic_North_27,2,Arctic,North Atlantic
15.480948,76.968069,6,Arctic_North_27,2,Arctic,North Atlantic
29.388563,81.999909,1,Arctic_North_28,2,Arctic,North Atlantic
28.352639,81.908312,2,Arctic_North_28,2,Arctic,North Atlantic
26.915988,81.630511,3,Arctic_North_28,2,Arctic,North Atlantic
26.438288,81.510055,4,Arctic_North_28,2,Arctic,North Atlantic
35.866273,82.256593,1,Arctic_North_29,2,Arctic,North Atlantic
34.410567,82.1498,2,Arctic_North_29,2,Arctic,North Atlantic
32.81685,81.979728,3,Arctic_North_29,2,Arctic,North Atlantic
31.543993,81.66755,4,Arctic_North_29,2,Arctic,North Atlantic
31.286726,81.590301,5,Arctic_North_29,2,Arctic,North Atlantic
42.938914,82.582958,1,Arctic_North_30,2,Arctic,North Atlantic
41.540184,82.533826,2,Arctic_North_30,2,Arctic,North Atlantic
40.25871,82.453734,3,Arctic_North_30,2,Arctic,North Atlantic
39.393148,82.317072,4,Arctic_North_30,2,Arctic,North Atlantic
38.636844,82.135,5,Arctic_North_30,2,Arctic,North Atlantic
22.306606,81.76831,1,Arctic_North_31,2,Arctic,North Atlantic
21.321119,81.667995,2,Arctic_North_31,2,Arctic,North Atlantic
20.243242,81.425578,3,Arctic_North_31,2,Arctic,North Atlantic
19.906214,81.308951,4,Arctic_North_31,2,Arctic,North Atlantic
74.47336,78.44399,1,Arctic_North_32,2,Arctic,North Atlantic
71.492057,78.534474,2,Arctic_North_32,2,Arctic,North Atlantic
67.270412,78.539118,3,Arctic_North_32,2,Arctic,North Atlantic
39.960422,75.416981,1,Arctic_North_33,2,Arctic,North Atlantic
40.658063,75.172627,2,Arctic_North_33,2,Arctic,North Atlantic
40.905048,74.890813,3,Arctic_North_33,2,Arctic,North Atlantic
40.561034,74.655829,4,Arctic_North_33,2,Arctic,North Atlantic
39.852383,74.446848,5,Arctic_North_33,2,Arctic,North Atlantic
39.052676,74.397564,6,Arctic_North_33,2,Arctic,North Atlantic
37.760885,74.517235,7,Arctic_North_33,2,Arctic,North Atlantic
36.859835,74.673452,8,Arctic_North_33,2,Arctic,North Atlantic
35.641855,74.812096,1,Arctic_North_34,2,Arctic,North Atlantic
35.029776,74.960394,2,Arctic_North_34,2,Arctic,North Atlantic
34.582748,75.133883,3,Arctic_North_34,2,Arctic,North Atlantic
34.340305,75.34256,4,Arctic_North_34,2,Arctic,North Atlantic
34.73261,75.611457,5,Arctic_North_34,2,Arctic,North Atlantic
35.409086,75.825655,6,Arctic_North_34,2,Arctic,North Atlantic
36.161212,75.861618,7,Arctic_North_34,2,Arctic,North Atlantic
37.556268,75.777755,8,Arctic_North_34,2,Arctic,North Atlantic
38.851867,75.595104,9,Arctic_North_34,2,Arctic,North Atlantic
-168.783675,68.300966,1,Arctic_North_35,3,Arctic,North Atlantic
-167.332971,70.378825,2,Arctic_North_35,3,Arctic,North Atlantic
-159.748449,71.777236,3,Arctic_North_35,3,Arctic,North Atlantic
-151.942413,71.96348,4,Arctic_North_35,3,Arctic,North Atlantic
-143.830639,71.502492,5,Arctic_North_35,3,Arctic,North Atlantic
-136.6684,72.188174,6,Arctic_North_35,3,Arctic,North Atlantic
-133.010395,72.520807,7,Arctic_North_35,3,Arctic,North Atlantic
-129.224352,74.009321,8,Arctic_North_35,3,Arctic,North Atlantic
-129.306308,74.812718,9,Arctic_North_35,3,Arctic,North Atlantic
-126.274748,76.640397,10,Arctic_North_35,3,Arctic,North Atlantic
-121.050022,78.569072,11,Arctic_North_35,3,Arctic,North Atlantic
-113.918785,80.486859,12,Arctic_North_35,3,Arctic,North Atlantic
-102.198222,82.327579,13,Arctic_North_35,3,Arctic,North Atlantic
-86.8158,83.643673,14,Arctic_North_35,3,Arctic,North Atlantic
-68.049774,84.350776,15,Arctic_North_35,3,Arctic,North Atlantic
-63.661955,84.04636,1,Arctic_North_36,3,Arctic,North Atlantic
-56.657729,83.355041,2,Arctic_North_36,3,Arctic,North Atlantic
-57.180094,82.508222,3,Arctic_North_36,3,Arctic,North Atlantic
-61.318919,81.892414,4,Arctic_North_36,3,Arctic,North Atlantic
-66.584209,80.758169,5,Arctic_North_36,3,Arctic,North Atlantic
-70.804419,79.421965,6,Arctic_North_36,3,Arctic,North Atlantic
-74.205274,78.201782,7,Arctic_North_36,3,Arctic,North Atlantic
-74.587998,76.752655,8,Arctic_North_36,3,Arctic,North Atlantic
-73.120149,75.735648,9,Arctic_North_36,3,Arctic,North Atlantic
-5.480331,77.175346,1,Arctic_North_37,3,Arctic,North Atlantic
-6.5867,76.191177,2,Arctic_North_37,3,Arctic,North Atlantic
-5.881456,75.25449,3,Arctic_North_37,3,Arctic,North Atlantic
-4.11342,74.295721,4,Arctic_North_37,3,Arctic,North Atlantic
-18.421372,69.83191,1,Arctic_North_38,5,Arctic,North Atlantic
-20.822444,68.934712,2,Arctic_North_38,5,Arctic,North Atlantic
-25.157712,68.031188,3,Arctic_North_38,5,Arctic,North Atlantic
-26.389545,66.926243,4,Arctic_North_38,5,Arctic,North Atlantic
-27.662519,65.938913,5,Arctic_North_38,5,Arctic,North Atlantic
-30.262365,65.398052,6,Arctic_North_38,5,Arctic,North Atlantic
-32.587122,65.26371,7,Arctic_North_38,5,Arctic,North Atlantic
-35.258947,64.359194,8,Arctic_North_38,5,Arctic,North Atlantic
-38.41137,63.053842,9,Arctic_North_38,5,Arctic,North Atlantic
-39.760308,62.22627,10,Arctic_North_38,5,Arctic,North Atlantic
-40.037788,61.976086,11,Arctic_North_38,5,Arctic,North Atlantic
-54.428514,63.970805,1,Arctic_North_39,3,Arctic,North Atlantic
-56.599841,63.958615,2,Arctic_North_39,3,Arctic,North Atlantic
-57.841362,63.77419,3,Arctic_North_39,3,Arctic,North Atlantic
-49.56705,48.706057,1,Arctic_North_40,3,Arctic,North Atlantic
-50.629801,47.293484,2,Arctic_North_40,3,Arctic,North Atlantic
-52.78279,45.645257,3,Arctic_North_40,3,Arctic,North Atlantic
-55.649076,44.381293,4,Arctic_North_40,3,Arctic,North Atlantic
-59.140678,43.365212,5,Arctic_North_40,3,Arctic,North Atlantic
-63.77152,42.07072,6,Arctic_North_40,3,Arctic,North Atlantic
-66.826868,40.428331,7,Arctic_North_40,3,Arctic,North Atlantic
-69.344223,39.510698,8,Arctic_North_40,3,Arctic,North Atlantic
-71.454416,38.481086,9,Arctic_North_40,3,Arctic,North Atlantic
-54.501926,64.360287,1,Arctic_North_41,3,Arctic,North Atlantic
-55.981652,65.886193,2,Arctic_North_41,3,Arctic,North Atlantic
-58.696295,67.783058,3,Arctic_North_41,3,Arctic,North Atlantic
-59.284291,69.462276,4,Arctic_North_41,3,Arctic,North Atlantic
-60.367104,71.16526,5,Arctic_North_41,3,Arctic,North Atlantic
-61.863022,72.711729,6,Arctic_North_41,3,Arctic,North Atlantic
-62.416248,73.098868,7,Arctic_North_41,3,Arctic,North Atlantic
-62.479548,73.153573,1,Arctic_North_42,3,Arctic,North Atlantic
-64.62629,74.692073,2,Arctic_North_42,3,Arctic,North Atlantic
-68.992498,75.305771,3,Arctic_North_42,3,Arctic,North Atlantic
-71.243179,75.409278,4,Arctic_North_42,3,Arctic,North Atlantic
-73.200269,75.340199,1,Arctic_North_43,4,Arctic,North Atlantic
-74.751074,74.989909,2,Arctic_North_43,4,Arctic,North Atlantic
-75.781561,74.228882,3,Arctic_North_43,4,Arctic,North Atlantic
-75.831627,73.305564,4,Arctic_North_43,4,Arctic,North Atlantic
-73.476865,72.528201,5,Arctic_North_43,4,Arctic,North Atlantic
-70.208465,71.80288,6,Arctic_North_43,4,Arctic,North Atlantic
-66.814637,70.844057,7,Arctic_North_43,4,Arctic,North Atlantic
-64.971513,69.821694,8,Arctic_North_43,4,Arctic,North Atlantic
-64.120197,68.876509,9,Arctic_North_43,4,Arctic,North Atlantic
-63.846979,68.231237,10,Arctic_North_43,4,Arctic,North Atlantic
-61.953266,67.631589,11,Arctic_North_43,4,Arctic,North Atlantic
-60.824977,67.023927,12,Arctic_North_43,4,Arctic,North Atlantic
-59.043318,65.94326,13,Arctic_North_43,4,Arctic,North Atlantic
-58.238914,64.766771,14,Arctic_North_43,4,Arctic,North Atlantic
-58.594536,64.351001,15,Arctic_North_43,4,Arctic,North Atlantic
-57.369675,56.183043,1,Arctic_North_44,4,Arctic,North Atlantic
-56.548079,55.578075,2,Arctic_North_44,4,Arctic,North Atlantic
-53.952404,55.006454,3,Arctic_North_44,4,Arctic,North Atlantic
-52.617178,54.209236,4,Arctic_North_44,4,Arctic,North Atlantic
-50.297598,51.842348,5,Arctic_North_44,4,Arctic,North Atlantic
-49.934083,50.837453,6,Arctic_North_44,4,Arctic,North Atlantic
-49.428313,49.074706,7,Arctic_North_44,4,Arctic,North Atlantic
-40.578437,61.401073,1,Arctic_North_45,4,Arctic,North Atlantic
-41.253067,60.720615,2,Arctic_North_45,4,Arctic,North Atlantic
-42.373712,59.584981,3,Arctic_North_45,4,Arctic,North Atlantic
-44.181157,58.960799,4,Arctic_North_45,4,Arctic,North Atlantic
-46.856847,59.488799,5,Arctic_North_45,4,Arctic,North Atlantic
-51.211284,61.679313,6,Arctic_North_45,4,Arctic,North Atlantic
-52.570922,63.014722,7,Arctic_North_45,4,Arctic,North Atlantic
-54.04088,63.932811,8,Arctic_North_45,4,Arctic,North Atlantic
-58.921291,63.56061,1,Arctic_North_46,4,Arctic,North Atlantic
-59.29983,63.27709,2,Arctic_North_46,4,Arctic,North Atlantic
-60.29727,62.619738,3,Arctic_North_46,4,Arctic,North Atlantic
-60.799802,62.126921,4,Arctic_North_46,4,Arctic,North Atlantic
-61.144606,61.389409,5,Arctic_North_46,4,Arctic,North Atlantic
-60.857549,60.29378,6,Arctic_North_46,4,Arctic,North Atlantic
-59.815885,58.931065,7,Arctic_North_46,4,Arctic,North Atlantic
-59.335137,57.770467,8,Arctic_North_46,4,Arctic,North Atlantic
-57.743198,56.458081,9,Arctic_North_46,4,Arctic,North Atlantic
-151.402513,72.511602,1,Arctic_North_47,5,Arctic,North Atlantic
-156.36155,73.228596,2,Arctic_North_47,5,Arctic,North Atlantic
-158.384391,73.996158,3,Arctic_North_47,5,Arctic,North Atlantic
-161.726789,75.517952,4,Arctic_North_47,5,Arctic,North Atlantic
-165.568328,76.936422,5,Arctic_North_47,5,Arctic,North Atlantic
-167.835792,77.741426,6,Arctic_North_47,5,Arctic,North Atlantic
-170.026042,78.71949,7,Arctic_North_47,5,Arctic,North Atlantic
-123.041623,79.894046,1,Arctic_North_48,5,Arctic,North Atlantic
-128.029092,77.805718,2,Arctic_North_48,5,Arctic,North Atlantic
-131.6156,75.662067,3,Arctic_North_48,5,Arctic,North Atlantic
-137.958184,73.926669,4,Arctic_North_48,5,Arctic,North Atlantic
-143.802797,72.707001,5,Arctic_North_48,5,Arctic,North Atlantic
-149.300058,72.432359,6,Arctic_North_48,5,Arctic,North Atlantic
-12.491204,83.157379,1,Arctic_North_49,5,Arctic,North Atlantic
-10.815582,82.799164,2,Arctic_North_49,5,Arctic,North Atlantic
-9.237922,82.313262,3,Arctic_North_49,5,Arctic,North Atlantic
-7.950013,81.490623,4,Arctic_North_49,5,Arctic,North Atlantic
-6.820867,80.89856,5,Arctic_North_49,5,Arctic,North Atlantic
-6.035564,80.407771,6,Arctic_North_49,5,Arctic,North Atlantic
-5.738348,79.992683,7,Arctic_North_49,5,Arctic,North Atlantic
-5.498171,79.537839,8,Arctic_North_49,5,Arctic,North Atlantic
-5.403426,79.139104,9,Arctic_North_49,5,Arctic,North Atlantic
-5.244292,78.702764,10,Arctic_North_49,5,Arctic,North Atlantic
-5.132011,78.405,11,Arctic_North_49,5,Arctic,North Atlantic
-5.183096,78.045325,12,Arctic_North_49,5,Arctic,North Atlantic
-5.308401,77.658653,13,Arctic_North_49,5,Arctic,North Atlantic
-5.782588,77.241554,14,Arctic_North_49,5,Arctic,North Atlantic
-6.479464,76.89769,15,Arctic_North_49,5,Arctic,North Atlantic
-7.338082,76.610499,16,Arctic_North_49,5,Arctic,North Atlantic
-13.590273,74.596379,17,Arctic_North_49,5,Arctic,North Atlantic
-16.805339,72.536031,18,Arctic_North_49,5,Arctic,North Atlantic
-18.41997,71.686625,19,Arctic_North_49,5,Arctic,North Atlantic
-18.987415,70.905584,20,Arctic_North_49,5,Arctic,North Atlantic
-18.552584,70.261285,21,Arctic_North_49,5,Arctic,North Atlantic
155.757677,74.132016,1,Arctic_North_50,3,Arctic,North Atlantic
158.837213,77.029986,2,Arctic_North_50,3,Arctic,North Atlantic
164.951535,80.976306,3,Arctic_North_50,3,Arctic,North Atlantic
164.471167,83.327148,4,Arctic_North_50,3,Arctic,North Atlantic
80.053391,78.067929,1,Arctic_North_51,3,Arctic,North Atlantic
80.806233,81.673976,2,Arctic_North_51,3,Arctic,North Atlantic
72.719318,84.033384,3,Arctic_North_51,3,Arctic,North Atlantic
68.263258,84.498927,4,Arctic_North_51,3,Arctic,North Atlantic
-174.641339,70.420228,1,Arctic_North_52,5,Arctic,North Atlantic
-176.392869,73.402342,2,Arctic_North_52,5,Arctic,North Atlantic
-179.400619,76.763296,3,Arctic_North_52,5,Arctic,North Atlantic
175.330708,81.960642,4,Arctic_North_52,5,Arctic,North Atlantic
165.44057,84.23658,5,Arctic_North_52,5,Arctic,North Atlantic
146.63556,87.684795,6,Arctic_North_52,5,Arctic,North Atlantic
-3.557059,86.336858,7,Arctic_North_52,5,Arctic,North Atlantic
-4.139528,83.595673,8,Arctic_North_52,5,Arctic,North Atlantic
-128.457457,74.274349,1,Arctic_North_53,3,Arctic,North Atlantic
-126.637258,74.829605,2,Arctic_North_53,3,Arctic,North Atlantic
-124.084591,75.026943,3,Arctic_North_53,3,Arctic,North Atlantic
-120.148195,74.982866,4,Arctic_North_53,3,Arctic,North Atlantic
-118.227928,74.798496,5,Arctic_North_53,3,Arctic,North Atlantic
-171.677043,79.304799,1,Arctic_North_54,5,Arctic,North Atlantic
-172.88331,79.670653,2,Arctic_North_54,5,Arctic,North Atlantic
-175.139812,80.607428,3,Arctic_North_54,5,Arctic,North Atlantic
-175.772397,81.392959,4,Arctic_North_54,5,Arctic,North Atlantic
-175.290786,82.268809,5,Arctic_North_54,5,Arctic,North Atlantic
-173.615149,82.969453,6,Arctic_North_54,5,Arctic,North Atlantic
-170.248128,83.4743,7,Arctic_North_54,5,Arctic,North Atlantic
-161.604596,84.399891,8,Arctic_North_54,5,Arctic,North Atlantic
-149.46725,84.87118,9,Arctic_North_54,5,Arctic,North Atlantic
-141.022351,84.922546,10,Arctic_North_54,5,Arctic,North Atlantic
-131.454151,84.659967,11,Arctic_North_54,5,Arctic,North Atlantic
-125.779147,84.306035,12,Arctic_North_54,5,Arctic,North Atlantic
-120.92305,83.605396,13,Arctic_North_54,5,Arctic,North Atlantic
-117.710424,82.875611,14,Arctic_North_54,5,Arctic,North Atlantic
-117.535004,81.978186,15,Arctic_North_54,5,Arctic,North Atlantic
-118.745437,81.252921,16,Arctic_North_54,5,Arctic,North Atlantic
-120.138552,80.659001,17,Arctic_North_54,5,Arctic,North Atlantic
-121.982542,80.149614,18,Arctic_North_54,5,Arctic,North Atlantic
